EmployeeId,first_name,last_name,SSN
1,Conney,Bligh,652-41-3382
2,Lucais,Labitt,587-77-3782
3,Magdalena,Gregolotti,895-17-4534
4,Lindi,Coupman,322-90-8661
5,Maurits,Colliard,877-13-6199
6,Evanne,O' Mullane,852-26-8227
7,Charles,Cawsby,158-87-4792
8,Clementina,Ferney,271-54-5116
9,Kerr,Canton,498-01-1715
10,Oralle,Dunston,626-21-7000
11,Esra,Manilow,406-62-9230
12,Engracia,Correa,346-03-4107
13,Arlinda,Buttle,563-66-8969
14,Norrie,Larderot,316-29-2807
15,Fernandina,Bellsham,699-35-8483
16,Franky,Leavry,221-49-8031
17,Ram,Chelam,491-17-2705
18,Edgard,Pergens,316-52-1957
19,Bettine,Holworth,152-97-6493
20,Tam,Bartlomieczak,673-06-3916
21,Gram,Yakobowitch,594-79-8139
22,Somerset,Trawin,689-20-6993
23,Shayne,Terbeck,172-95-7666
24,Binni,Jacquest,704-85-5207
25,Effie,Delgardillo,850-51-6239
26,Hardy,Berg,333-16-8907
27,Reena,Bastiman,450-62-6386
28,Henrie,Andrejs,850-81-1963
29,Lani,Tennock,483-26-7606
30,Georgie,Jencey,264-41-1021
31,Wallie,Adrianello,763-70-6539
32,Emma,Jobin,192-09-8842
33,Daveta,Kelling,704-03-6241
34,Giana,Holley,751-82-9869
35,Pyotr,Blowfelde,271-38-1486
36,Benton,Deason,832-47-5618
37,Paloma,Pinwill,830-13-2457
38,Ninnetta,Blagburn,181-86-9512
39,Sile,Mazzey,271-98-3099
40,Thornie,Speirs,799-17-1355
41,Montgomery,Klimowski,356-62-2228
42,Kimberlyn,Dollar,571-76-0040
43,Maryann,Coleborn,770-21-2822
44,Melisandra,Woollons,508-73-9894
45,Chad,Jandel,245-12-5778
46,Codi,Cartan,444-88-5099
47,Catina,Bexley,542-52-8082
48,Pandora,Dix,394-89-0237
49,Hogan,Evesque,802-47-0109
50,Shaina,Ramsdell,114-35-8810
51,Haily,Brickner,227-72-3052
52,Laina,Egerton,299-46-0287
53,Colette,Hallock,186-62-0327
54,Benn,Robillart,552-74-9796
55,Toni,Spraging,699-43-0783
56,Wilow,Ughi,856-43-4231
57,Lee,Lowther,294-78-5215
58,Rickert,Zannotti,872-93-2883
59,Lenee,Mastrantone,862-70-5471
60,Raffarty,Skaife,813-63-3014
61,Catina,Gable,473-47-3863
62,Loraine,Raw,415-91-2882
63,Royce,Whittington,132-53-1963
64,Nolan,Sleit,764-02-6276
65,Nickolaus,Pere,405-25-8684
66,Wiley,Jump,575-10-7273
67,Shelton,Rawson,523-24-9908
68,Der,Layman,654-05-7163
69,Bondon,Kitchen,763-11-1015
70,Dacey,Careless,601-87-3394
71,Orion,Carncross,869-02-9680
72,Rinaldo,Buttler,859-38-7300
73,Devin,Bushby,350-66-7130
74,Rickey,Wigley,106-46-2872
75,Florette,Navein,436-33-2932
76,Adam,Rouge,475-59-1896
77,Leonore,Lettson,567-88-6467
78,Dukey,Insull,407-11-9621
79,Gabbie,Nowakowski,713-73-9500
80,Clayborne,Keningley,630-32-7393
81,Marcille,Snoddin,479-33-1434
82,Wenona,Grimolbie,320-40-3190
83,Binni,Claringbold,434-45-6184
84,Enrika,Moggie,533-51-5661
85,Ira,Trubshaw,449-70-8724
86,Mikaela,Rastrick,376-83-1614
87,Jacquelin,Lapping,124-99-9000
88,Bevin,MacPeake,489-63-1405
89,Darrin,Doog,257-91-3466
90,Clarita,Cottingham,179-63-1556
91,Ham,Duffan,207-97-9519
92,Maggee,Laterza,693-02-8150
93,Lexi,Drewell,857-28-0507
94,Minnie,Heare,805-42-2391
95,Allard,Hartin,297-99-8680
96,Sidney,Brimacombe,384-80-4381
97,Janeen,Vokes,654-32-9345
98,Correy,Michal,371-43-4611
99,Claribel,Tuffley,285-16-8457
100,Harley,Pinner,128-13-6401
101,Thom,Triebner,562-69-9817
102,Earlie,Kleinlerer,224-14-1221
103,Misha,Randle,635-71-3316
104,Enriqueta,Matterface,753-71-1430
105,Gustavus,Sherrell,522-71-6236
106,Skelly,McOwan,146-45-9904
107,Elvis,Rowsel,373-35-0634
108,Jennifer,Ritchie,411-25-7340
109,Jenn,Giacobelli,712-04-3019
110,Elvin,Jostan,804-66-0047
111,Wittie,Rhyme,600-92-0650
112,Georgie,Landsborough,687-03-1944
113,Nikos,Peachment,542-51-0169
114,Darryl,Tack,706-66-5746
115,Marietta,Blasi,788-48-4803
116,Ad,Loggie,621-55-0207
117,Aryn,Gonning,603-48-8576
118,Norry,Clayal,708-33-3292
119,Bobbie,Merigeau,343-67-0993
120,Kippar,De Lorenzo,438-89-3263
121,Gaylord,Ivachyov,364-65-9916
122,Rustin,Williscroft,759-31-2246
123,Mendie,Enns,499-52-9487
124,Joshuah,Rowsell,110-65-3802
125,Ferdinanda,Tester,263-80-5943
126,Gerti,Malyan,574-85-1181
127,Anne,Coffee,672-96-0166
128,Estella,Cardiff,239-83-5521
129,Arlinda,Pashenkov,591-07-4759
130,Tiphany,Mcall,855-70-4174
131,Marnia,Liversidge,406-44-4070
132,Teirtza,Breewood,181-75-1229
133,Urbanus,Preston,301-37-4274
134,Yehudi,Perle,104-68-1824
135,Carlynne,Ferrucci,656-06-1353
136,Garry,Zannini,411-73-4200
137,Cesya,Bassindale,434-17-7699
138,Demott,Kasbye,110-13-8385
139,Aaron,Craythorne,883-23-6601
140,Bobby,Goodrich,166-60-9193
141,June,Cordy,651-92-7000
142,Annetta,Schubbert,318-81-3657
143,Roy,Brobeck,356-60-4404
144,Philomena,Selvester,239-45-5717
145,Phebe,MacClure,506-14-3909
146,Ernestus,Keyser,267-23-9997
147,Dorey,Douse,844-56-0321
148,Noellyn,Bullingham,591-86-3425
149,Valaree,Sarjent,290-10-2207
150,Clarita,Yaneev,720-64-3032
151,Uta,Ferrai,510-92-6908
152,Teresita,Jonczyk,445-57-8446
153,Scotty,Janowski,324-99-0106
154,Brit,Bunkle,377-96-8270
155,Midge,Pippard,376-57-4445
156,Murielle,Wheeler,870-29-5984
157,Margit,Gullyes,716-86-3977
158,Alanah,Kinder,140-41-8897
159,Iolande,MacAleese,307-35-6366
160,Ervin,Yuryev,260-48-3810
161,Dionysus,Rickert,471-39-6908
162,Trude,Arnall,892-74-8017
163,Cari,Ciobotaru,766-23-8469
164,Rossie,Woodwind,680-69-7982
165,Aloin,Brydson,180-63-8184
166,Bartie,Raynton,125-29-6282
167,Sidney,Yitzhok,149-24-5060
168,Eduard,Zywicki,789-74-9595
169,Vivienne,Frantz,104-85-5532
170,Valry,Johansen,652-73-5441
171,Ranique,McCamish,437-10-0221
172,Hamlen,Gaskill,845-98-1061
173,Dulciana,Dornin,693-52-6852
174,Bobbette,Fynes,605-21-1267
175,Roseline,Treadger,505-51-2053
176,Vernon,Kilmaster,205-01-4741
177,Rozanna,Trice,173-85-1619
178,Meir,O'Heagertie,283-21-6504
179,Dulce,MacKintosh,679-32-3867
180,Caitlin,Sievewright,594-93-0674
181,Berkie,Merrick,821-02-2838
182,Meagan,Floweth,581-98-6380
183,Erna,Sudddard,806-89-7704
184,Federica,Flahive,854-44-8732
185,Rosalinda,Tribell,415-69-0815
186,Petr,Suart,651-19-8410
187,Tallou,Ashplant,662-54-0779
188,Luce,Dawton,199-09-2509
189,Hannis,Cordsen,730-89-8208
190,Lottie,Duffell,379-41-7359
191,Nanice,Pratty,192-20-2249
192,Stefano,Norvell,249-33-1803
193,Daveen,Tettley,404-66-5486
194,Davey,Blight,228-18-5207
195,Hallie,Marvel,687-68-4899
196,Hamel,Gouge,219-22-0492
197,Zulema,Wyldish,179-53-3861
198,Emmeline,Jerger,185-10-1928
199,Nan,Hutcheon,319-44-3881
200,Lammond,Marlen,373-46-4693
201,Tarah,Chadbourne,830-61-1474
202,Beverlee,Scranney,662-49-4700
203,Isaac,Karby,106-07-6475
204,Nerty,Toye,218-88-6577
205,Sandi,Ibert,367-56-0401
206,Idalia,Rishman,497-56-0994
207,Colby,Salvage,847-49-3899
208,Aurea,Bowlands,350-84-6648
209,Craggy,Joseff,422-68-3420
210,Danie,Liston,296-45-4996
211,Marla,Scamel,811-65-9779
212,Glennis,Snipe,611-13-2560
213,Elisabet,Emmison,235-81-2125
214,Frank,Kelsell,723-65-8590
215,Eleanora,Malpass,519-20-3604
216,Reidar,Scott,470-17-5759
217,Jolynn,Kells,446-55-3210
218,Masha,Brabben,110-06-2508
219,Pyotr,Burrows,748-30-8851
220,Suzy,Irwin,513-86-7919
221,Chen,Metson,859-95-7263
222,Yardley,Tellett,122-44-8606
223,Fionna,Parman,239-46-1958
224,Hagen,Gilcriest,660-47-7417
225,Adlai,Kleewein,530-11-6831
226,Kincaid,Witchell,552-12-2691
227,Letizia,Pauel,848-28-8903
228,Donall,Dobrovolny,254-30-4862
229,Dallas,Kimm,538-58-1615
230,Bartholemy,Gherardesci,243-61-6852
231,Fidela,Sargeant,473-17-1966
232,Anatole,Arnopp,219-45-8945
233,Babette,Mattiazzi,164-11-7420
234,Corbet,Matyugin,882-52-0028
235,Sal,Emmott,590-19-3801
236,Tandi,Weadick,126-02-6806
237,Joseph,Dunbobin,215-58-0048
238,Gisella,Bitchener,415-99-7511
239,Elle,Prinne,406-51-3791
240,Gauthier,Aery,363-93-2136
241,Meade,Anersen,839-60-2887
242,Alaine,McBeath,280-09-2637
243,Susanetta,Boldero,869-29-0976
244,Christa,Holhouse,233-92-3650
245,Georgena,Ell,488-34-1868
246,Jackquelin,Cazereau,435-77-7047
247,Jeffie,Whitfeld,790-55-6433
248,Dale,Stansbury,100-49-8434
249,Zachariah,Pretorius,722-16-3380
250,Annnora,Cuberley,780-92-2738
251,Nial,Evelyn,820-60-3560
252,Mina,Woolmore,600-74-3820
253,Conway,Quilligan,377-87-1966
254,Nathanael,Gaskin,309-63-1994
255,Franky,Barenski,253-31-6730
256,Ailis,Van der Beek,704-12-9375
257,Selia,Brainsby,463-86-7522
258,Durant,McGeechan,436-62-9413
259,Nissie,Stranieri,358-04-4207
260,Catriona,Rowland,487-60-9008
261,Levon,Wegener,230-48-0997
262,Jedediah,Glantz,265-07-3986
263,Hamnet,Scrimgeour,713-01-0330
264,Cornela,Baiyle,657-62-3069
265,Austin,Lesmonde,805-28-6474
266,Bradley,Myers,586-65-4098
267,Rebecca,Everton,424-68-5524
268,Eleanore,Piolli,510-03-9696
269,Muire,Fegan,192-21-9178
270,Brade,Betho,146-92-2975
271,Dee dee,Pittam,887-63-1145
272,Joletta,Maddra,704-01-3881
273,Poul,Djakovic,507-76-6433
274,Ignacius,Hughland,141-57-2687
275,Bendite,Klisch,589-32-3843
276,Debbi,Nitto,295-07-4827
277,Milzie,Greensted,143-23-8890
278,Neel,Adcocks,536-65-8786
279,Terrye,Sobczak,116-34-3136
280,Mariellen,Bjerkan,610-35-7626
281,Logan,Robiou,344-40-3978
282,Darcy,Steel,114-11-9730
283,Cross,Aime,133-04-1554
284,Ancell,Batchelor,221-54-6783
285,Jinny,Buggy,326-45-6203
286,Zarla,Silburn,212-53-5426
287,Wanda,Northall,431-58-3740
288,Charlean,Doe,166-29-0377
289,Munroe,Bonus,232-19-6667
290,Nichole,Sawyer,234-11-5499
291,Justinn,Covert,223-16-0167
292,Lind,Tomblin,102-29-1229
293,Layton,Petriello,407-03-2384
294,Lindsey,Askey,269-07-1214
295,Riki,Swin,619-28-7652
296,Alyson,Aubery,659-94-9564
297,Anabelle,Isenor,732-02-3287
298,Roosevelt,Rudram,222-61-0638
299,Dre,Shayler,174-58-2147
300,Isidro,Cornfoot,729-37-9486
301,Tressa,Brankley,107-81-6337
302,Cherise,Wenzel,741-25-7892
303,Sophey,Lyven,148-46-8963
304,Robinet,Bienvenu,634-06-1436
305,Fredrick,Hadcock,139-16-4458
306,Jdavie,Le Pruvost,742-99-5700
307,Mada,Blaase,510-92-1001
308,Cacilia,Adamek,656-09-6262
309,Harlan,Guppie,422-24-5593
310,Giffard,Henrot,482-45-1557
311,Alexandros,Sybe,313-87-0590
312,Mick,Baton,563-86-7115
313,Belicia,Lemary,417-84-0205
314,Carl,Baudains,896-95-3028
315,Catriona,Bengtsson,139-93-3985
316,Dante,Comber,355-88-6665
317,Marlie,Milton-White,528-81-2812
318,Blanche,Crassweller,849-48-5995
319,Farra,Snoding,744-65-2986
320,Kennith,Byrcher,707-52-7933
321,Colet,Iliffe,456-66-0571
322,Perice,Formie,507-73-6691
323,Brenda,Toffalo,286-78-3891
324,Morrie,Mines,109-71-0919
325,Gaylor,Micheu,825-97-3174
326,Elly,Gornar,117-96-2385
327,Consolata,Tuffey,688-82-9863
328,Berton,Meeny,137-86-1908
329,Alison,MacNish,573-67-8507
330,Maribeth,Forten,507-23-5989
331,Marv,Comelini,627-51-0259
332,Deni,Burkert,424-82-4071
333,Riki,Sturr,260-22-3932
334,Bren,Miskelly,791-54-5020
335,Dwight,Lyon,875-02-8652
336,Shoshanna,Osborn,744-01-4165
337,Normand,Pepin,708-99-0409
338,Luce,Needs,201-24-1150
339,Sibyl,Sarle,648-68-4177
340,Corine,Arrol,383-02-7338
341,Sayer,Cathel,547-73-1046
342,Edgar,Fawdry,692-73-8880
343,Manon,Blakemore,765-23-4830
344,Petra,Harses,199-73-9919
345,Marty,Domanek,609-11-9266
346,Fonz,Vynoll,444-44-5670
347,Stevy,Vanderplas,250-47-5373
348,Micheline,Olczyk,173-08-5610
349,Chico,Hartles,526-63-6418
350,Raddie,Booley,541-66-4686
351,Gerda,Jirka,362-39-6035
352,Alden,Kubasek,888-32-9195
353,Fraser,Seabright,178-19-2922
354,Klaus,Molohan,258-90-5426
355,Diannne,Zmitrovich,373-82-5595
356,Jenifer,O'Donegan,298-28-9709
357,Avril,Jinkins,682-49-6245
358,Kerry,Alebrooke,796-50-3275
359,Reidar,Grieveson,508-36-8636
360,Codie,Ackenson,322-25-7291
361,Kaila,Upham,723-32-4917
362,Joyous,Parysiak,685-37-0694
363,Katti,Victoria,455-95-1485
364,Brendan,Mollon,652-83-3102
365,Bernie,Herity,545-39-7636
366,Claudio,Pol,726-16-7889
367,Hayward,Battyll,778-01-7763
368,Denyse,McBay,755-26-3410
369,Winona,Kinglesyd,697-80-2661
370,Parrnell,Scarce,419-12-3610
371,Emmy,Currin,653-51-9788
372,Zita,Rosenvasser,645-95-4076
373,Cornelius,Oxbury,164-50-4986
374,Zared,Moscone,203-37-3767
375,Dimitry,Lees,739-50-1002
376,Lori,Dufty,533-51-5203
377,Eldon,Ringsell,642-33-5941
378,Clemmie,Holtham,631-18-8710
379,Alair,Pinfold,356-14-5705
380,Bartholomeo,Legerton,143-52-1754
381,Karlan,O'Hengerty,260-82-5079
382,Errick,Liebmann,848-44-0594
383,Hendrik,Arnopp,471-64-6965
384,Sondra,Mc-Kerley,708-63-4653
385,Esmaria,Wanklyn,604-34-7121
386,Vivie,Freake,863-83-1360
387,Almira,Townley,529-99-3889
388,Hallsy,Peeke-Vout,166-19-6307
389,Moritz,Legier,859-66-8790
390,Zora,Kingstne,380-91-1968
391,Othelia,Dutch,397-44-6712
392,Davis,Sussems,603-89-9905
393,Maureene,Fines,327-96-8246
394,Trever,Critchard,272-76-9332
395,Betsey,Spohr,848-60-8786
396,Margery,Duigenan,389-48-7560
397,Bren,Lenton,887-79-3465
398,Belva,Bonafant,326-66-0254
399,Marcelline,Hurkett,214-07-4299
400,Lida,Oleszkiewicz,309-91-7086
401,Silas,McLorinan,426-38-3464
402,Wylie,Isacoff,850-52-7336
403,Lizzie,Franzewitch,301-30-0162
404,Mycah,Fishburn,457-19-9303
405,Janella,Klishin,785-38-5158
406,Shalna,Mettericke,455-29-8938
407,Caty,Hawtry,586-05-4714
408,Luis,Laneham,306-52-4951
409,Robb,Baigrie,318-04-3178
410,Phillis,Stiling,213-94-0651
411,Catriona,Messham,697-10-1100
412,Alphard,Doddrell,450-66-8483
413,Georgetta,Veevers,449-10-7276
414,Charleen,Kiffe,718-50-1742
415,Pierson,Kinzel,105-93-1522
416,Roxanna,Linge,462-75-2725
417,Allissa,Cornish,276-71-6111
418,Sherry,Huggons,406-45-0919
419,Witty,Wigmore,561-90-3488
420,Pavia,Minette,746-04-0075
421,Millicent,Mart,332-82-1810
422,Garret,Mylan,107-75-1982
423,Glenn,Towsie,650-68-8948
424,Standford,Lavelle,156-72-7050
425,Reggie,Gillani,706-90-7746
426,Thom,Stit,159-06-3413
427,Emmit,Shury,371-41-5562
428,Kathi,Bridges,338-37-2060
429,Jecho,Rothon,797-57-7719
430,Cozmo,Ivakhno,651-43-5488
431,Sheffie,Blague,363-40-1420
432,Keefe,McAvin,539-25-4581
433,Vin,Pitson,355-74-6614
434,Drusi,Luter,876-61-8256
435,Shoshana,Hovard,454-97-8791
436,Dyann,Hartigan,240-30-1669
437,Pietra,Pendlebury,105-30-0434
438,Alley,Greenig,524-12-3526
439,Vanni,Hundley,188-45-9802
440,Bendite,Cossum,897-85-2415
441,Ian,Cumes,468-85-4296
442,Herbie,Bierman,843-87-6118
443,Sharia,Board,579-19-1642
444,Ralina,Penritt,681-43-1350
445,Sheffie,Bridgman,482-54-5604
446,Natalee,Penhalewick,202-85-1474
447,Kessiah,Dredge,863-73-2175
448,Myles,Stronach,757-51-2675
449,Augusto,Lievesley,111-12-2721
450,Gabbie,Forsdyke,734-65-0853
451,Jerome,MacConnechie,297-09-2436
452,Urban,Jane,516-92-6892
453,Samaria,Cowern,418-34-3184
454,Ellery,Tschierse,407-37-5486
455,Wandie,Laverenz,683-11-2969
456,Consuelo,Broadnicke,121-84-3654
457,Ganny,Davidai,301-73-7323
458,Sheila,Goadsby,229-93-3091
459,Xaviera,Schettini,702-03-3437
460,Noell,Docket,447-33-6266
461,Dwight,Velte,574-29-9528
462,Bard,Andrez,628-47-7008
463,Carmencita,Treweke,788-90-0977
464,Celia,Creegan,673-50-4058
465,Mil,O' Donohue,809-26-8605
466,Giuseppe,Manion,739-53-8734
467,Caryl,Dibbert,865-63-6385
468,Godart,Widocks,433-07-9462
469,Vilma,Cunio,756-77-8045
470,Angil,Connerly,624-98-5360
471,Sammy,Dootson,694-87-7624
472,Gardener,Hanratty,237-35-4245
473,Donetta,Elies,116-33-5046
474,Rosabella,Conan,377-21-0776
475,Joyous,Lett,735-28-1128
476,Malinde,Cawsy,644-94-0692
477,Omar,Hendriksen,861-16-8222
478,Blisse,Biesty,452-95-7899
479,Cynthie,Lound,775-78-8464
480,Erna,Growcock,281-34-8634
481,Sydelle,Meneyer,559-03-5939
482,Latia,Haslum,818-17-0267
483,Davita,Everson,284-01-9564
484,Grady,Jinkin,578-25-3326
485,Ezmeralda,Gronow,273-54-1422
486,Katuscha,Emney,595-05-4906
487,Clarice,Foffano,370-93-2806
488,Clywd,Haverson,723-89-9560
489,Eamon,Gristhwaite,269-42-1261
490,Crin,Hunter,852-57-0994
491,Aubree,Dimbylow,519-88-0613
492,Jannelle,MacCarlich,695-47-8007
493,Chip,Arnau,754-99-9844
494,Ruy,Marguerite,378-14-5715
495,Greggory,Ovill,187-77-1985
496,Wayland,Kenan,269-60-1577
497,Carmelia,Celand,539-89-1547
498,Nari,Oty,625-89-3106
499,Lilias,Desseine,793-41-1060
500,Inigo,Kopisch,846-63-4534
501,Harlene,Estoile,122-27-8528
502,Magnum,Normanvill,619-70-4367
503,Eydie,Petrushanko,304-02-3798
504,Shayne,Cuxon,147-40-8324
505,Mathilda,Sclater,541-25-1803
506,Nil,Worsalls,486-28-4961
507,Rosita,Hendrich,564-77-4534
508,Courtnay,Pingstone,302-88-6712
509,Baxy,Feasby,555-48-8182
510,Bellanca,Grabiec,460-20-2311
511,Elisha,O'Neal,215-96-0791
512,Samaria,Torrisi,416-25-2294
513,Mateo,Ouldcott,417-80-5503
514,Phip,Witt,284-12-8656
515,Vassily,Formie,885-13-8399
516,Wesley,Stutt,727-15-8437
517,Leelah,Soff,827-83-4864
518,Dugald,Sefton,486-25-3715
519,Aurore,Petow,253-16-8835
520,Greggory,Laval,466-51-2533
521,Zedekiah,MacAlpine,309-87-8337
522,Johannah,Malcolm,344-06-7402
523,Lindsay,Guilloux,285-88-7014
524,Abbi,MacDiarmond,729-02-9000
525,Sanderson,Loddy,445-23-9787
526,Suzy,Tibald,790-54-4659
527,Gale,Nason,486-13-2688
528,Bobina,Jayne,648-11-5075
529,Vite,Bettaney,390-06-6102
530,Helen,Hymor,808-74-3367
531,Carolus,Bauldrey,424-26-6809
532,Alexei,Son,343-66-7622
533,Abbe,Apdell,894-86-8357
534,Vic,Dalyell,333-28-1251
535,Gerti,Von Hindenburg,328-47-1040
536,Hamlin,Gillitt,269-12-8940
537,Katey,Jauncey,855-63-8488
538,Rollie,Allso,350-35-6158
539,Tann,Sidnall,700-91-4483
540,Clevey,Kopfen,575-50-0590
541,Alister,Poulton,453-49-2232
542,Alejandrina,Liddard,126-36-9776
543,Dell,Summerly,818-30-1679
544,Ingrim,Hardey,573-50-5230
545,Nancey,Elford,279-24-2094
546,Tremain,Crasswell,813-07-8610
547,Edlin,Plunket,779-67-3922
548,Neysa,McFeat,260-28-1747
549,Graham,Ilott,830-70-7467
550,Betteanne,Dinjes,222-89-7934
551,Claire,Wolfendale,877-61-1721
552,Obadiah,Goscomb,456-45-7149
553,Freddie,Boughtflower,368-38-3978
554,Walsh,Binks,265-36-8658
555,Gage,Ratcliffe,724-84-7931
556,Cristal,Aime,299-16-8277
557,Parrnell,Idwal Evans,835-11-8148
558,Saunders,Shadwick,169-32-2431
559,Katy,Morsey,803-30-3609
560,Rayna,Baggs,253-67-3898
561,Issiah,Phelp,669-36-3233
562,Robenia,Gillison,499-39-9787
563,Elyse,Burds,823-64-4255
564,Jillayne,Kissack,437-13-6205
565,Henrietta,Hyatt,210-79-3054
566,Cindy,Barbera,498-48-3506
567,Eilis,Guerry,614-56-9258
568,Teressa,Firbanks,763-76-6290
569,Nicolais,Anthon,889-67-8996
570,Foster,Presswell,427-18-6895
571,Armand,Roach,268-93-9543
572,Griffin,Drover,196-19-4205
573,Kiersten,McCarver,158-92-3374
574,Dorolice,Ison,135-66-2722
575,Michaeline,Gligori,155-40-2945
576,Poul,Mickelwright,555-98-2286
577,Evelin,Sarjent,159-54-4197
578,Wesley,Patten,162-60-6136
579,Briant,Marfe,863-52-4693
580,Alyse,Bourdel,482-40-4621
581,Margaux,Catchpole,171-44-0123
582,Gerard,Wasteney,228-57-1531
583,Stanleigh,Zorener,620-62-6164
584,Nathalia,Snipe,416-25-0054
585,Lacee,Hundey,177-02-6390
586,Aidan,Emms,726-06-8879
587,Zollie,Bolletti,406-17-2316
588,Leticia,Bolstridge,431-72-7853
589,Nadia,Bastistini,609-31-4736
590,Web,Farmery,406-25-4511
591,Susy,Blockey,635-24-6066
592,Christin,Giacomasso,697-86-2605
593,Meir,Bullas,101-43-7791
594,Paulette,Yukhov,507-47-9537
595,Brent,Burges,454-98-4022
596,Falito,Hercules,400-86-0934
597,Van,Ovett,849-22-4930
598,Bert,Wealthall,268-12-8955
599,Brandtr,Gallahue,160-97-9396
600,Juan,Bromhead,370-98-2946
601,Guilbert,Flieg,770-57-0872
602,Shirlene,Milroy,535-31-5778
603,Franklin,Matherson,762-05-0221
604,Eulalie,Coey,867-20-2925
605,Durward,Blackaller,640-34-7714
606,Shay,Gordon-Giles,147-27-3636
607,Lillian,Abramski,287-87-1204
608,Nessa,Bravery,192-50-7553
609,Kurt,Stanes,782-20-0292
610,Lemmy,Rois,787-42-3882
611,Oren,Raubenheim,200-37-7308
612,Karon,O'Hickee,735-48-6182
613,Nert,O' Ronan,723-61-7519
614,Bartholomeo,Petersen,768-14-1199
615,Glori,Pyer,327-63-1789
616,Horten,Chyuerton,193-90-3769
617,Derrek,Wise,839-56-3787
618,Kennan,Tomaszynski,520-31-6159
619,Edwina,Jesse,738-04-6185
620,Sophey,Haggeth,195-33-3239
621,Pete,Rettie,531-08-8561
622,Lela,Fosten,182-70-3506
623,Christina,Pusill,554-16-8500
624,Laurel,Darrigrand,737-79-6409
625,Devlen,Willcock,399-34-0416
626,Glennis,Pearton,135-72-3689
627,Lanae,Ware,669-06-8966
628,Cecily,Hartles,456-92-9241
629,Uri,des Remedios,446-55-4095
630,Ransell,Cust,826-37-4023
631,Winne,Huddles,506-54-8354
632,Whittaker,Beartup,325-82-2059
633,Aigneis,Yashunin,603-66-9119
634,Jennette,Gasson,433-03-7186
635,Rafferty,Croll,217-64-7874
636,Rosalyn,Chandlar,370-87-9996
637,Herrick,Gommery,868-62-9421
638,Fawne,Fairbourn,847-60-3384
639,Alvina,Cawte,319-36-1024
640,Daron,MacKibbon,123-71-9760
641,Katheryn,Bone,224-93-3842
642,Anatola,Hasker,703-79-1867
643,Valene,Rolse,318-35-6584
644,Francklin,Hannay,144-50-1007
645,Abba,Corr,744-80-4063
646,Wanda,Gallety,731-91-2190
647,Ly,Leach,284-48-4821
648,Nanny,Pariss,864-25-6098
649,Gordon,Kasher,373-22-2264
650,Elmer,Deverson,438-54-4417
651,Courtney,Huggen,601-84-6184
652,Giorgio,Bubbings,816-79-7171
653,Tuesday,Ollerton,633-10-8851
654,Kathye,Jensen,661-83-2430
655,Angelle,Sweynson,190-93-3341
656,Twyla,Durward,584-59-5838
657,Worthy,Greest,897-84-6192
658,Orren,Huison,152-23-8522
659,Muffin,Slayton,589-98-6646
660,Janine,Dinzey,684-92-1757
661,Leslie,Deehan,509-12-8077
662,Jennee,Hoggin,511-02-9183
663,Josefina,Moyles,369-21-7336
664,Eben,Komorowski,586-52-8261
665,Michail,Yitshak,296-87-0993
666,Phelia,Lukins,170-46-5592
667,Mandie,Matiashvili,775-53-3460
668,Rock,Darling,327-18-2119
669,Mella,Winward,572-57-9170
670,Shurwood,Silverthorn,544-03-4087
671,Gabbi,Giscken,337-31-4287
672,Welby,Sisselot,231-83-8674
673,Moria,Mousby,283-83-8433
674,Philbert,Haensel,488-36-6161
675,Annabal,Vinsen,289-44-0616
676,Hakeem,Spier,546-81-8447
677,Cilka,Robert,136-33-5587
678,Sianna,Edgson,288-82-5915
679,Miguel,Liddicoat,337-30-0749
680,Codi,Ondrousek,829-66-6143
681,Otes,Denyakin,136-98-0517
682,Annie,Loney,787-21-5508
683,Arlana,Lile,556-54-5071
684,Mil,Godlip,888-37-2565
685,Antony,Prestland,378-11-2020
686,Lisle,Siviter,874-44-5633
687,Gretna,Lidgertwood,258-53-2222
688,Bealle,Sadlier,343-24-5370
689,Burnaby,De Hooge,426-78-5086
690,Astrix,Gepp,569-42-1717
691,Delmar,Brown,800-67-5406
692,Jannel,Morl,404-45-2515
693,Hyacinthie,McGlashan,187-06-4052
694,Hope,Prine,449-99-5069
695,Andy,Sollars,797-71-5638
696,Brittne,Casaccio,191-63-9534
697,Tessie,Kettlestring,378-86-6245
698,Melisenda,Duchesne,215-51-1983
699,Moritz,Nelle,634-64-2112
700,Abner,Erskine Sandys,434-27-5770
701,Janifer,Ringe,490-06-3301
702,Ivar,Shields,850-13-7861
703,Callie,Mouget,709-55-7405
704,Roobbie,Schulter,128-49-7873
705,Cal,Spellacy,867-11-8322
706,Simone,Beavors,162-85-8352
707,Addie,Lober,262-07-2836
708,Svend,Millwater,796-40-4055
709,Toby,Vasiltsov,880-22-2147
710,Johnette,Gabbitus,429-82-9248
711,Carmella,Saturley,687-20-3573
712,Johny,O'Heyne,812-41-6265
713,Rachelle,Hakewell,123-20-2532
714,Clo,O'Kinedy,536-96-7451
715,Kristoforo,Gehrels,101-30-9418
716,Trix,Roxbee,254-93-4921
717,Cecily,Greenhouse,520-78-0578
718,Mabelle,Arnholz,868-60-7783
719,Catriona,Charker,432-34-7906
720,Cherlyn,Stansell,294-87-9164
721,Cele,Leechman,464-10-4855
722,Millie,Mila,195-04-5694
723,Alfons,Dawtrey,225-65-6912
724,Hortensia,Harniman,899-19-5298
725,Jo-ann,Polak,828-73-1927
726,Daveen,Higginbottam,527-14-4809
727,Pennie,McConnachie,151-63-4093
728,Dora,Bleeze,480-11-7171
729,Augusta,Lamkin,479-09-3843
730,Rolando,Ranking,268-25-2946
731,Brianne,Dumini,280-63-5408
732,Maje,Husbands,775-76-2827
733,Enriqueta,Cristofano,641-13-8784
734,Tallie,Payley,401-48-1850
735,Graeme,Brewer,133-69-1889
736,Ignacius,Draaisma,116-34-8660
737,Raquela,Brend,508-16-3829
738,Bryan,Froschauer,627-42-4684
739,Sutherland,Epton,391-46-9503
740,Freda,Brundill,365-75-6353
741,Sher,Mangenet,861-92-5109
742,Meryl,Geeritz,426-59-0883
743,Sascha,Engel,807-71-1878
744,Merrick,Scarre,348-87-2911
745,Martina,Francioli,607-15-6725
746,Clarey,Baudinet,213-49-9481
747,Blondelle,Garrattley,320-66-5990
748,Maryjane,Lockey,715-98-1786
749,Andros,Greenrodd,588-49-0180
750,Robenia,Aberhart,379-59-2611
751,Ansel,MacGlory,213-74-5094
752,Elvyn,Hebble,833-74-6321
753,Holden,Phillis,653-24-2146
754,Hermione,Perryn,847-80-1417
755,Lucio,Weins,865-01-2211
756,Kiley,Peltz,865-61-2089
757,Dominick,Crips,636-42-7233
758,Sarena,Fateley,465-10-7145
759,Hailee,Duckett,590-39-1969
760,Eward,Thews,715-90-1789
761,Del,Edie,772-63-4153
762,Tommy,Edgington,865-14-2391
763,Merwyn,Wilks,646-37-4127
764,Alain,Remer,267-83-0793
765,Niels,Dixie,709-79-4738
766,Luis,Willisch,133-01-6421
767,Cortney,Lindstedt,829-47-9649
768,Fax,Hansen,354-67-8017
769,Cynthie,Revey,675-88-6458
770,Lavina,Manklow,786-81-1486
771,Kerk,Fitzackerley,428-72-5938
772,Chelsae,Culley,466-16-4638
773,Teressa,MacMenamy,534-76-8481
774,Cazzie,Senn,701-36-8141
775,Brennan,Stuchberry,209-01-5873
776,Jerry,Mosdall,123-53-4755
777,Dilly,Goodricke,436-06-4571
778,Sydney,Bowerbank,235-07-3592
779,Red,Mingey,640-26-2993
780,Rey,Stanhope,206-45-4027
781,Hayyim,Blindermann,252-61-4206
782,Louis,MacKilroe,370-34-4266
783,Haley,Elix,808-94-3018
784,Riannon,Camis,272-52-5603
785,Roselin,Rilston,157-60-6109
786,Eudora,Bramsom,750-04-7046
787,Bay,Huguet,547-92-4583
788,Yance,Blench,157-56-8174
789,Merrill,Starbeck,645-26-4130
790,Merle,Vowels,434-68-8016
791,Meier,Stiegar,141-03-4556
792,Henrie,Mudd,876-15-1171
793,Lay,Hutchason,107-36-6165
794,Thaddeus,Bucham,559-73-4744
795,Wendel,Stellman,511-17-2605
796,Casar,Bauckham,195-02-8388
797,Kahaleel,Crisp,435-78-1244
798,Christean,Moden,853-29-9277
799,Neala,Bach,407-09-5784
800,Ricca,Busson,387-69-0774
801,Humfrey,Gatheral,739-58-1940
802,Carmelita,Cashford,844-67-8614
803,Crichton,Pitchford,127-76-7315
804,Thomasine,Cleve,204-31-6746
805,Glenn,Gorner,536-03-6186
806,Kylie,Pimmocke,811-42-4091
807,Sayres,Ancliff,533-37-9884
808,Georgianna,Haye,389-68-2503
809,Flossi,Malthus,741-33-2541
810,Harriet,Lansley,880-44-9717
811,Luise,Glandfield,557-93-4983
812,Renee,Street,880-52-2858
813,Flory,MacKeeg,176-81-9814
814,Matthiew,Littlemore,498-38-0170
815,Bel,Goodhew,225-31-9444
816,Corri,de Grey,205-11-9930
817,Adam,Barnshaw,359-30-3505
818,Claudell,Shinton,811-57-6581
819,Wanids,Lissandrini,445-09-9934
820,Priscella,Beddall,616-27-6495
821,Mortimer,Bowkett,587-18-7938
822,Bibi,Ambrose,884-97-9652
823,Symon,Diviny,505-65-4282
824,Martino,McClenaghan,573-82-0759
825,Joshia,Abbati,623-58-8286
826,Alex,Kinnen,472-95-6966
827,Ted,Haresign,388-24-6456
828,Jarid,Hallgarth,870-54-5707
829,Fairleigh,Leele,764-23-7185
830,Jillana,Knibbs,200-04-1610
831,Ramsay,Balsom,599-15-2102
832,Simone,Vallerine,535-06-6984
833,Lanny,Fencott,388-30-5701
834,Lincoln,Ruxton,183-55-1523
835,Marven,Tours,887-22-4651
836,El,Farra,446-22-8122
837,Kleon,Perell,798-02-9088
838,Tim,Maher,310-65-5700
839,Leland,O'Cullen,702-42-0964
840,Teri,Van der Kruys,203-16-3682
841,Guillermo,Caberas,682-12-8006
842,Carmelle,Corradeschi,773-96-2707
843,Katrina,Ulyatt,219-18-3364
844,Cathi,Padly,214-85-9586
845,Ketty,Van der Velden,107-01-1349
846,Niki,Wewell,283-93-3187
847,Lilian,Sacchetti,217-25-9540
848,Jacky,Broadhead,171-63-6652
849,Kimbra,Vitet,596-84-4017
850,Thoma,Leavold,344-76-8700
851,Ki,Seyler,835-96-7258
852,Tomi,Ierland,379-16-9027
853,Joelie,Poytres,186-02-1003
854,Elsy,Awty,312-79-5735
855,Veronique,Fowlston,127-29-9120
856,Justus,Frantzen,503-17-5024
857,Janeczka,MacKaile,267-29-4438
858,Conway,Biaggi,811-82-0073
859,Maximilian,Hulke,687-03-4996
860,Friederike,Addenbrooke,497-60-6870
861,Doralin,Oldam,853-54-3488
862,Blythe,McLeman,647-96-6161
863,Maxim,Yanshin,349-23-4535
864,Harold,Mara,725-43-2618
865,Griffin,Hebblethwaite,421-60-5151
866,Krystyna,Ginie,751-03-7667
867,Alexio,Plail,572-34-3147
868,Asher,Bubbings,408-75-1093
869,Annelise,Ayling,447-42-6660
870,Yasmeen,Gellately,373-51-1229
871,Darleen,Boundey,365-84-3575
872,Base,Whitlock,503-04-9760
873,Constantia,Tatford,530-23-4852
874,Bartholomeo,Billings,879-81-3357
875,Kirstyn,Treversh,353-70-9039
876,Klemens,Buche,538-60-7635
877,Marjie,Barniss,671-29-4126
878,Merell,Folbig,234-81-6709
879,Vittoria,Chatin,474-80-4266
880,Pierre,Blincko,368-54-1011
881,Kai,Itzakovitz,795-12-1236
882,Bibbie,Ferroni,560-36-0599
883,Carroll,MacCostye,101-21-4971
884,Cozmo,Leel,497-56-8039
885,Dudley,Yeoman,374-81-3773
886,Phillie,Churn,851-94-5195
887,Phineas,Posthill,748-53-5472
888,Rollo,Bordis,807-35-6527
889,Dasha,Ubank,827-33-4650
890,Merl,Fauguel,285-57-8554
891,Town,Pedrocchi,491-62-7395
892,Tracey,Eberts,697-83-2955
893,Chiquia,Dartan,525-35-1959
894,Karrah,Dilland,464-12-8050
895,Eleonore,Savery,549-24-9685
896,Kat,Bernard,513-92-0750
897,Micky,Azam,264-06-3080
898,Ian,Parrish,204-06-2361
899,Bessy,Folbigg,109-38-2480
900,Danita,Fishpool,803-61-8948
901,Kendrick,Rhodus,593-77-0650
902,Lara,Dibb,748-96-9355
903,Grannie,Neenan,785-80-1477
904,Eugenio,Ramelet,473-61-5129
905,Towney,Alvis,500-98-9860
906,Saundra,Jendrach,306-81-3488
907,Adda,Allanby,101-95-9937
908,Krista,Ream,571-61-6323
909,Siward,Sedwick,382-61-7255
910,Irwinn,Childe,462-15-8540
911,Vida,Lorrie,444-87-9920
912,Kaine,Ruddoch,617-78-8259
913,Murial,Jeduch,822-26-1660
914,Stafford,Sim,355-76-4711
915,Natal,Blumson,361-85-8213
916,Clevey,Bertot,413-66-4364
917,Lydia,Dudek,367-57-7000
918,Brena,Weldrick,344-20-6921
919,Gerard,Pelos,612-72-1571
920,Bettye,Bettaney,898-46-5831
921,Ava,Spikins,776-02-7772
922,Gilly,Greenshields,823-04-4737
923,Fitz,Listone,220-91-5707
924,Jaquelyn,Fenck,226-81-2199
925,Elissa,Liddard,817-97-3104
926,Rois,Littler,363-33-9958
927,Karel,Oxteby,529-38-5644
928,Kore,Heber,349-70-8257
929,Thor,Ossenna,453-76-0457
930,Agustin,Lapere,522-09-3651
931,Raimundo,Browncey,318-60-9233
932,Bettine,Troker,430-68-1333
933,Arly,Benoist,284-83-7905
934,Rutledge,Pindred,233-32-2690
935,Ambrosio,Sarjant,183-03-4166
936,Eugenio,Eilhertsen,262-56-7137
937,Ravi,Becaris,134-73-5287
938,Dorothee,Proswell,213-46-6271
939,Jerrold,Verdie,481-14-6852
940,Batholomew,Duffil,579-54-6314
941,Melisse,Geistbeck,335-40-8396
942,Con,Ingraham,449-92-4883
943,Maritsa,Senogles,713-05-9621
944,Thorin,Titchen,873-90-0488
945,Elvyn,Lithgow,485-55-2019
946,Kellia,Webermann,746-57-6938
947,Dennison,Dufore,154-69-8377
948,Cheryl,Ewells,654-22-9553
949,Ainslie,Rosander,182-72-6107
950,Mathew,Gyngyll,424-68-4493
951,Shep,Charnley,434-22-5431
952,Nonie,Duffin,795-20-1318
953,Efrem,Crewe,718-77-8005
954,Vincents,Yarnley,646-68-6245
955,Carlene,Twidle,327-58-4697
956,Katina,Ducker,298-80-8023
957,Karalee,Stapleton,606-79-6698
958,Dulcine,Prop,837-66-3600
959,Anthea,Abbis,584-87-2242
960,Denna,Brymham,315-10-6309
961,Cliff,Garbett,643-35-0721
962,Gayleen,Joao,880-80-2848
963,Tailor,Arkell,612-18-2770
964,Tina,Revell,835-29-6991
965,Jeanne,Murison,531-78-4816
966,Jocelyn,Anger,604-57-2188
967,Aila,Aidler,536-05-4771
968,Davina,de Castelain,689-92-1769
969,Dillie,Alred,287-44-6494
970,Eliot,Muat,228-35-6090
971,Tonnie,Pippin,167-09-2086
972,Maude,Morrant,425-53-3491
973,Madelena,Kornalik,278-21-3987
974,Corella,Birkmyre,704-30-0635
975,Ring,Posen,640-78-9476
976,Elladine,Helks,319-14-8207
977,Minetta,Sherrum,387-56-8467
978,Isabelita,Garn,704-61-7604
979,Myrilla,Crichley,891-66-9458
980,Gusta,Berthot,486-44-7359
981,Daren,Naile,242-34-9145
982,Wain,Gorler,386-96-9814
983,Dulcia,Solon,306-16-7259
984,Myrvyn,Dory,534-94-2956
985,Billy,Doe,807-72-3714
986,Kahaleel,Blunt,629-33-3551
987,Doralin,Marjanski,259-04-3013
988,Joyous,Tern,250-48-2572
989,Agnella,Manuele,252-47-2478
990,Griffie,Labrone,134-36-7515
991,Anders,Malek,267-38-4115
992,Magnum,Heaseman,898-40-7851
993,Dodi,Sommer,418-57-2626
994,Filmore,Rysom,741-10-8323
995,Kate,Raison,230-43-4067
996,Hyacintha,Depper,851-18-1409
997,Giulietta,Mineghelli,413-73-1040
998,Halette,Stubbert,577-66-1710
999,Harcourt,Simonich,859-33-2714
1000,Giacinta,Betho,834-92-4294
